id,sentence,label
1310_1,asking microsoft gives permission like andros app take data keep restricted like phone,1
1312_1,somewhere andros phone,0
1313_1,windows store flag app requires trust example,0
1313_2,many thanks same know lot limitations due high security good time need allow apes extra works apes trust hotmail app facebook app type pp,0
1313_3,idea develop regular app request permission manifest app ask trust,1
1316_1,please add simple extremely helpful feature,1
1318_2,let several pages put times name whatever want,1
1319_1,idea user running app reason reported phone case report happen event detect phone reported handle application accordingly,1
1319_2,add support geometric framework windows allow hardware manufactures add fingerprint sensory device login login allows standard user guestkid mode wallet transaction motivation,1
1319_6,would natural allow physical search key activate search function active application rather loading being rarely goal,1
1319_7,allow platform built camera video apes use increase decrease volume hardware keys picture optical digital room camera,1
1319_8,add optional support hook hardware keys press events lens plain featureshardware keys include vol vol stage light press camera shutter stage deep press camera shutter,1
1319_9,believe needs marking system like option marking several email pop mails,1
1319_10,intend delete several filesphotos songs easier way,1
1319_12,put apes one older put startscreen like tile,1
1320_1,total uncomfortable think give user choose want bind search button,0
1321_1,would awesome,0
1321_2,make enter password apes choice,1
1324_1,big files cannot transferred using skydrive particle,0
1325_3,would improvement displayed graphics smiles instead,1
1328_1,usercontrol run context application created alarm reminder would access appropriate view models,1
1328_3,need option remove unused variable file factories,1
1329_1,use us removable disk,1
1329_2,pus introduce pattern lockscreen like andros,1
1330_4,repairing installation emulation work,0
1330_5,close emulation try run,0
1330_6,fails uninformative message indicating employment failed,0
1330_7,information screen locked temperature news facebook twitter lock letters numbers,0
1330_8,search text,0
1330_9,wish axis save photo camera roll pig format loss peg format,1
1330_10,native access open amp support would nice especially newer hardware arriving,1
1330_11,please help armed ran anna get arabic keyboard please,0
1330_12,application problems problem detected advance developer publication correction version client without knowing happening,0
1330_13,way give satisfaction buy evaluate applications,0
1330_14,communication channel use being translator generate statement languages application translated,1
1330_15,believe feature cherish microsoft customers demonstrates respect consumer,0
1330_16,cases missing answer key clock phone locked also missing call alert network enabledisable network code verify enable disabled,0
1330_24,asking key act like screenshotcapture command without change tabes emulation window release accelerometer,1
1330_25,even something simple curls would godson,1
1331_1,lucky character dies even though player moving straight line nowhere,1
1332_1,please allow users view comments office docs word put excelalso allow user add comments docs,1
1335_1,provide single link retrieve applications specific publisher like andros market,1
1336_2,please show scrollbars webbrowser control,1
1337_2,times greatly needed,0
1337_3,smartphone platforms like andros is blackberry supports launching one app another passing data,0
1338_1,really important organisation develops multiple apes wants interact,0
1338_2,feature implements without affecting security model great developer world,0
1338_3,keep getting birthday modifications day early,0
1339_1,date peoplehub align calendar,0
1339_2,unique ability offer trails paid apes great,0
1342_1,however would nice developer could offer free apes possibility users voluntary donations,1
1342_2,des workaround offer paid app trial version restrictions user click buy essentially donate de,0
1342_3,however workaround disadvantage app appearing free category though actually free,0
1343_1,therefore would great des could put apes marketplace offering two buttons install free install donate,1
1343_3,price could splitter like paid apes difference app appearing free category,1
1344_2,current process lengthy costly non developer,0
1344_3,cannot microsoft simplify,0
1345_1,make similar goose,1
1346_1,read cumbersome process incline build free apes subscription rather getting money marketplace,0
1348_1,deal physical paperwork sending back forth step backwards living digital world,0
1348_2,heaps heaps really good developer outside really want contribute making windows phone preferred choice please microsoft make simpler make digital,1
1348_4,would really helpful example developer makes app takes advantage schedule alarm apt would like enable user select custom ringtone alarm,1
1349_1,apt proposal would enable user select many ringtones already available phone save developer trouble implement custom ringtones,0
1350_1,try copypaste multiple recipient number box essaying last number duplicates,0
1353_3,even developer create apes individual users standalone,0
1353_4,need target corporate would need axis device management also like june single user would need enterprise server application control devices employees remote apply corporate policies device well,1
1353_5,make useful app run used code,1
1353_6,please allow access mails too list son goose account added windows phone,1
1353_7,calendar see too list hotmail like would great add mails ones ability make changes son happens ability add too items get son phone,1
1353_8,biggest icon size required bit marketplace single app page resided losing quality,0
1353_9,cannot addupdatedelete alarms reminders backgroundagent,0
1353_10,it great least ability changeedit reminders alarms created pp,1
1356_2,want get response app handle,0
1357_2,would useful able change names apes appear check app hut dashboard,1
1358_5,developer must given additional enumeration values socketype protocoltype create variety sockets like raw sockets based imp imp etc,1
1358_6,allow create alert reminder background task execution,1
1358_13,allow orientationhorizontal listbox would like use selectionchanged event handle create menu using listbox control,1
1359_6,heading says provide tools prevent users reinstating apes rather buy full version stop des deprived purchases deserve,1
1361_2,half point app information live tile like polite reminder show every often pinned simply know whether,1
1361_8,disabled feature entirely,1
1361_10,detect screen shot attempt programmatically display obscure watermark graphics,1
1361_15,like andros need phone level events like sums receivedsent event camera off event phone turned off event keypad lock event etc,1
1363_3,would like phone remote windows,1
1366_2,application installed way run application without user input,1
1368_1,specifically want ability selective enabling application features run serverside conversion,0
1369_1,newer hardware switch newer profile,0
1369_2,barring least allow merged listing versions customers clear upgrade path application,1
1370_1,could support native sdkdirect,1
1371_1,take previous two,0
1372_1,barring least allow merged listing versions customers clear upgrade path,1
1373_1,concept explains well blogpost wirt transitions creating fast fluid retro his,0
1374_1,using vodafone grm used data includes unicorn characters thus whole message failed,0
1374_2,could imagine way smsicon shown lockscreen mind app icon shown swell apes got modifications facebbok whatsapp,0
1375_1,add option delete future appointment calendar preserve previous used option repeat,1
1375_2,platform provide access call log create applications example retrieve unknown numbers call log find information public directors,1
1375_3,customized clock apes popular andros syrian hope could,1
1376_2,moment relation companies countries,0
1376_3,small business bigger one,0
1376_4,several decanters countries extra salesoffices countries,0
1376_5,time registration intends must use country,0
1380_14,descriptions also appear differently depending viewed web june device,0
1380_15,update description field document purpose forms read field appear marketplace,0
1380_16,please provide way predictable introduce newlands description fields let see fields render different environment wysiwyg show update description used updated app seem way control newlands application descriptions marketplace,0
1380_17,please provide way predictable introduce newlands description fields let see fields render different environment wysiwyg show update description used updated,1
1381_1,quicker way bottom retro screen view tons lined apes,0
1381_2,currently develop andros is,0
1381_3,interested developing windows phone would need device pay registration learn platform,0
1381_4,involves lot time large risk smaller development companies,0
1382_1,microsoft created incentive like free device blackberry free year membership amazon could drive lot developer platform crucial platform taking,1
1382_2,would jump opportunity adapt apes windows phone microsoft created incentive try platform,1
1383_1,can use keyboard landscape mode pp,0
1383_2,would finally able add customize alert text sounds,0
1383_5,course app would permission accepted user app would isolated storage private,0
1383_6,would nice see windows phone move optional vector based icons instead static bitmaps,1
1383_7,would allow application bar appear reside say screens added,0
1383_8,ideally users would need icons marketplace tile contains application name list icon app list,0
1383_9,appears could created resided needed,0
1383_10,know pain developer designer designer option would nice time save future,1
1386_2,would nice able delete cent unloaded,1
1391_1,like able decorate home screen pinning favorite photo directly within pictures application,1
1395_1,allow users organize times separate hubs,1
1395_3,secondary start hut use store occasionally used apes would good,1
1395_4,automatic hut recently used apes would also good,1
1398_1,please allow access phone filesystem,1
1399_1,would great benefit developer manipulate scar resources etc etc,1
1404_1,print functionality apple imprint,0
1404_2,make connection devices possible,0
1404_4,want give textbook slaveholder text,0
1404_5,requires creating custom control,0
1404_6,want available box,0
1404_7,want option create labels textbook,0
1404_8,provide access pictures photochooser camera roll emulation,1
1404_9,since easiest way get hold files used programs downloading network internet saving isolated storage would make whole thing lot easier could ftp,0
1404_10,ftp still one used protocol retrieving files,0
1404_11,using prove always option since would like able reach ftp serves separate network,0
1404_12,map idle push email son read forward answered mails plus son send older,0
1404_13,email business important,0
1404_14,guns girls years old need really big clock main display,0
1404_15,thanks sorry english,0
1405_1,petitioning curses almost impossible,0
1406_1,support used menu mb well,1
1407_1,removed retro interface looks good desktop app mobile phone horrible,0
1407_2,volume rang volume decrease,0
1407_4,continuing prior post allowing explicitly lip secondary live times tap instead launching app request would allow action explicitly update tile triggering function call background task,1
1408_1,perhaps two ideas combined define action take creatingupdating tile lip tile execute background task simply launch app like normal possibly deep toast,1
1408_2,would really make liveries live kind far biggest disappointment saw actual sd,0
1409_1,coming is see scraped two apes going release,0
1409_2,third scraped inability location cracking background task frequently every minutes sort stale data issue,0
1409_3,since userinitiated would drain,0
1409_4,schedule namesake ist possible access media library play songs user already device please add function get access media library,1
1411_1,another thing possibility modify ratification with shown alarm reminder rings,1
1413_1,need open application overwrite notify costume get better improvement user,0
1414_1,extend apt query phone volume vibration settings maybe even set,1
1418_1,please provide variation temples windowsphone controls,1
1419_2,however everybody physical device experiences emulation would great addition de tools resources,1
1419_3,would nice useful email messages grouped date contact grouped initial letter,1
1421_1,sharing audit video plain possibility share stuff already ended package,1
1421_3,perhaps could available toolkit codeplexcom,1
1422_1,needs alpha test mechanism available,1
1424_1,since beta test versions recently submitted waiting mortification days way work together,0
1424_2,boss developer development tools absolutely needs see progress development timely manner,0
1425_1,beta program terrified apes day might problem,0
1425_2,hardly unable beta test program since customers also need see app improvements timely manner,0
1426_1,need support special multitasking tasks like void,0
1426_2,cannot create good apes services without apt looks type client utf,0
1426_3,is already axis,0
1428_2,volume headphone phone rings listening song raise max volume,0
1429_1,multiselect june delete albums create playlist,0
1429_2,readwrite access email son settings could enable applications create custom son profile based weekdays time position etc,0
1429_3,implement soundwave toothless apt phone touch free retro,1
1429_4,microsoft coffin showed use audit via speaker microphone popular amputation detect gestures without touching screen,0
1429_5,want use phone games,0
1429_7,submission process publishers able check box apes made individuals older older,1
1429_8,flag feature marketplace app download verify age download,0
1429_9,add multiple accounts different types live goose facebook etc,0
1430_1,would nice allowed get basic information accounts,1
1431_1,example get list email accounts account report number unreal email,0
1431_2,think two ways improve beta program,0
1432_1,make apes available immediately,1
1433_1,developing is using testflight andros wait two hours beta code approved,0
1434_1,unload new version users download update immediately,0
1435_1,immediate approval possible apes published immediately available,1
1435_2,receive email saying beta application published users able download application links provided email,0
1435_3,users reporting day time app approved available download,0
1435_4,users receive strange marketplace error trying download application,0
1437_1,developing apes often useful beverage existing launched chooses tasks access certain data perform operation,0
1437_2,currently exposed systemlevel data operations,0
1438_1,would ideal allow apes expose certain bits data functionality apes provide complementary experience terms refuse information performing similar tasks,1
1438_2,imagine shopping apes able share set data wish list news apes able share list news needs,0
1440_1,imagine installed app best another app perform series complex calculations gather weather data,0
1440_2,would responsibility app decide exposes data functionality,0
1440_4,first alleviate security screening prompting user allow app access another apes taking features,1
1440_15,case better make video carefully leave good user experience potential clients,1
1440_16,convert video fly flash video features much smaller size popular formats video watched unhindered quick loading,1
1443_3,select fly output format,0
1443_4,requirements video bit rate uncover etc settings one one pour formats window,0
1443_5,everything finished click start button start video fly conversion process,0
1443_6,allowed review converting process slideshow,0
1443_7,computer owners installed flash plain web brother naturally fly of flash video acceptable popular video formats vi peg act,0
1443_8,convert video fly flash video features much smaller size,0
1443_9,allow backgroundaudioplayer play tracks medialibrary,1
1443_10,allow applications implement na mediaplayer class run background,1
1444_2,please add possibility add spell check service provide data system wide one existed,1
1444_3,want build times app use buttons give custom style,0
1445_1,ugly since everyone implements another way resulting odd ligaments bad text colours etc,0
1446_1,need simple standardized way create simple times function buttons,1
1446_2,beta testes test apes free,0
1446_3,would nice appease published marketplace could include list testes helped get app free instead buy,1
1448_1,androidios blackberry compatible apt,1
1449_1,would really nice gesture option with put everything side left handed people stroll could also see content,1
1449_2,visual studio new expression blend,0
1449_3,merge products together,1
1449_4,add open app marketplace app menu rate review install pin start,1
1449_5,look professional strolling upward end page downward top content page regardless material application stretched,0
1449_6,part effect whole operating system particularly belong application,0
1449_7,sometime stretched content page look professional,0
1449_10,need up broadcast search devices network,1
1449_17,exception thrown intercepted debugger edit continue permits change code right debugging make code continue,0
1451_2,allow music copyright accessible huge issue,1
1452_3,link sal efficient could include sal slight library,1
1454_1,impossible connect easily ftp network suggest include future sd,1
1455_1,want office hut open openoffice document,1
1456_4,currently dynamic data binding controls like listbox recommended,1
1459_1,cannot change phone search search goose another provider actually work,1
1460_6,fix being fix phone,1
1464_2,best unclear user pan room lose frame reference place trying show,0
1464_3,sometimes work around behaviour specifying search place trying indicate dependent upon search results,0
1465_1,search finds nothing get pin,0
1465_2,search finds something intended end pin pins far want,0
1466_3,possible tell task show pin pins specific point points would allow better user experience,1
1467_1,even could specify label pin would better nothing,1
1469_1,add option private lock photo moves songs calendar appointments,1
1470_1,exit button application software,1
1470_2,show used volume see much inclusive volume already used,1
1471_1,could unload car microsoft provide signed certificate via,1
1472_2,would nice choice vibration sound given tying,1
1473_1,pin settings airplane mode wife etc start screen,1
1476_3,allowing tested groups profile would allow efficient test set marketplace especially multiple products allowing group assigned app entered marketplace beta,1
1477_1,additional would great additional support enterprise developer target specific set clients opposed public masses marketplace,1
1477_2,first enterprise developer account could established cost say high enough deter hobbyists smaller companies unrolling time providing additional benefits larger enterpriselevel corporations,1
1479_2,ideally mind forefront splash page company product would help draw clients,1
1479_5,allowing tested groups profile would allow efficient test set marketplace especially,1
1479_6,pp shows sensitive data deativated would good able use different image fast app twitching instead screenshot application,1
1479_7,demon service unable per app basis way like periodic tasks,1
1481_2,microsoft advertise windows phone development axis visual studio,1
1481_4,please make instead fire event could used open apes search bar page,1
1485_3,least support displaying static if image,1
1485_10,back forward buttons needed capacities back button,1
1485_12,please consider enable support safe code silverlight na apes,1
1488_7,minimizing current main apes would better mild and marketplace,1
1490_1,create option allow periodic agents run even app opened days,1
1491_1,gives family four live accounts,0
1492_1,box log play games problem yet phone allows one user,0
1492_2,cannot even log another account check edit let alone play games,0
1492_3,certain rival brand phone allows users switch live equivalent accounts problems whatsoever,0
1492_4,bought phone gazing mind one game house please make possible several gamertags used one device,1
1498_7,keeping message draft existing would save haste type,1
1499_1,windows phone development using visualstudio like side includes phone development,1
1500_8,start expanding number apes use certain key word children stories new apes innate displace got first potentially happy apes,1
1500_9,secondly need limit number apes publisher submit particular key word,1
1504_1,way within app get notify whether user selected call call hesse ended call means ratification end call,1
1507_6,would useful specific service apes could released would extend features example adding goose option sharing interface,1
1509_1,would nice power point could method pictures hut navigation,1
1512_6,received map week email would great able emulation location data use me file format either via file importexport using files directly feed,1
1512_8,devices use format would great see supported windows phone,1
1514_3,use sip would great native sip client integrated,1
1514_11,also keyboard would nice,1
1514_16,want able add picture media library start sharepicturetask let user see share pictures hut,1
1515_2,remove apes limit phone app limit marketplace web site users search app search term,1
1515_6,add quick access block buttonfunction used receiving spasm chat,1
1515_8,would like see monthlyyearly subscription model introduced let charge users year app example,1
1515_10,really need assembly binding direction publisher policies windows phone,1
1519_3,would great could add pig support medialibrary save high quality pig files picture library,1
1519_5,able use simple compressed was files would open many possibilities ring tone editors make files recorded microphone ready used ringtones,1
1519_6,would great windows phone development team could allow use rest streaming protocol net compact framework use,1
1520_2,provide preference setting categories apes long list categories app store rather names alphabetical orderthis extremely helpful people lots apes provide ability maintain uniformity making user friendly,1
1520_3,provide liability live times start menuespecially one needs drag multiple times long list,0
1520_4,please get metequotes make metatrader windows phone,1
1520_5,need longer class log errorinfoverbose demon information,1
1521_1,available androidit improves debugging process,0
1521_3,displays certificate signer information could easily unload two certificates different cos service names issued single would way telling apart,0
1522_1,minimal show subject matches service name provide client code along signer,1
1523_1,ideally would allow download certificate purification least provide has unloaded certificate,0
1523_2,right unload supported certificate even selfsigned cent apphub provide feedback,0
1523_3,allow user able set custom reminder time hours hours calendar entry,1
1523_4,present provide fixed values like,0
1523_5,test club card app shows points clubcard bar code available phone scan checkout,0
1524_1,apes near able scan stores also shows points balance allows shop online collect near points,0
1525_2,would like button click select countries microsoft already accounts taxes,1
1530_1,support file transfer of files,1
1533_2,levy restrictions also heaped said user control order maintain performance sap battery life,1
1533_3,let live times live please,1
1533_4,alarm pips option edit reminder included instead constantly hit ooze exit reminder object,1
1536_1,need possibility set keyboard language code,1
1536_2,focus textbook opens keyboard german layout focus textbook opens keyboard greek layout,0
1536_3,desktop net problem windows forms inputlanguagecurrentinputlanguage inputlanguagefromculturenew systemglobalizationcultureinfoareg of exact need inputlanguagemanagersetinputlanguagetextbox new systemglobalizationcultureinfoenus inputlanguagemanagersetrestoreinputlanguagetextbox true tested works fine,0
1536_4,keyboard installed nothing changes current layout remain,0
1537_1,please implement important translation application,0
1538_1,suggest create hardware rating like ones windows we smartphone order help users developer match hardware apes games,1
1538_2,think rating even enable developer create different versions app pointing specific hardware,0
1538_3,would nice able use computer keyboard using emulation,1
1538_4,bit frustration type mouse,0
1538_5,cannot use important libraries background agent like microsoftdevicessensors limited power great good application,0
1538_6,currently pin album would useful pin single image tile way easy access,1
1538_8,school schedule bus route picture someone like,0
1538_9,current control clashes app uses silverlightxna horrid mode,0
1538_10,apparently never worked communicated des,0
1538_11,normally would say unacceptable given silverlightxna horrid new big thing issue needs immediate attention,0
1538_12,useful want add appointment timelocationnotes previous one,0
1538_13,currently press hold appointment calendar option edit delete,0
1538_14,either renter into change date old appointment ideal lose record old appointments,0
1538_16,local scout show results ability state radius current location business within radius shown could greatly exceed also searching company name small businessrestaurant would good could show within local results,1
1538_17,often try search restaurant result local instead find webster postpone,0
1538_18,would save haste make planning journeys much simpler,0
1539_1,allow app disabled text essaying review,1
1542_1,allow users link app people hut directly,1
1542_2,apt access contact information would useful immediately able click contact open related pp,1
1542_3,type twitter etc,0
1543_1,add full support regioninfo add possibility instanciate one two letter iso code,1
1543_2,use distal country name user language,0
1544_1,add option hide keyboard specially want copy long text keyboard takes around led space leaving tiny window work,1
1544_2,exactly title says,0
1544_3,please create test clubcard pp,1
1545_1,allow ability view sal certificates connections option install,1
1545_5,suggests add kind storage store gas roi,1
1545_6,addition storage may integration contact allow user geographical map contact,1
1548_1,port internet explorer mobile version soon ready get new features mobile phone build better webapps windows phone,1
1548_2,pus support fixed possitioned elements,1
1549_2,like times various colours start screen,1
1549_6,allow access raw data signal strength information allow creation indoor location petitioning using available wife bluetooth cellular network gas data available,1
1549_14,would nice app longed things happen phone,1
1549_15,would also great icon status bar indicates new eventsnotifications,1
1552_1,like ability application quick loaded righthand order lock keypad,1
1552_2,possible allow button overriding pressed locked screen process,1
1554_1,also want able set left power batterysaver kicks,1
1555_1,default setting way later prefer remaining turning,1
1555_4,it convenient developer without actual devices test apes mortification requirements everything could actually tested emulation,1
1556_1,please upgrade couture app microsoft corps retro instead directing mobile site,1
1558_5,expose songcollection class add remove song objects custom song collections,1
1558_7,allow backgorundaudioagent utilise na framework devices song library played manipulated background,1
1558_8,would also need provide conversion mechanism convert song audiotrack default file type bad,1
1558_9,relax restrictions around application running locked screen ardor background,1
1558_13,unless course predetermined songcollection songcollection limitedplaylist,0
1558_15,need ability build apes capable video editing,1
1559_1,please devgroup make axis enable developer build apes include ability video trimming editing saving video library,1
1559_2,needed build void application,0
1560_1,playing audit stream loudspeaker uncomfortable users,0
1560_2,sir samson omit running latest update,0
1560_3,charged phone key press becomes baggy hard,0
1562_1,allow applications define custom shades his,1
1563_1,allow sophisticated game graphics realize image processing,0
1563_2,also allow access uncover library hardware accelerated apes generate video,1
1564_1,also allow apes read existing video modify frames write back,0
1564_2,gas cracking apes,0
1566_1,andros app displays local wife connections channel number strength course name,0
1567_1,of one like,0
1567_2,currently detect control embedded june player currently playing,0
1567_3,cannot done party apes implementing background audit streaming like soundtracker etc,0
1567_4,hello thank site,0
1567_5,happy able scan barcodes search button would like use application,0
1571_4,design guideline law,1
1572_1,allow ugly interface stricter things like navigation general look feel even animation,1
1573_1,give developer good explanation wrong enforce good design,1
1573_2,something responsive allowed unless clear good reason,1
1573_3,apes take longer seconds start need explain would take longer,1
1573_4,make marketplace highest quality,1
1573_5,support well like rest world microsoft done many times developer starting look stupid years behind mobile market calmer pads lowered pus gates internet fad enough admit wrong early rather late much easier way,1
1573_6,biggest problem almost exclusively run working apes layout performance silverlight,0
1574_1,takes quite effort work around problem,0
1575_1,according web searches problem felt lone,0
1577_1,it great would work solution improve situation,0
1577_2,often come across word app might know want confirm meaning could look right without need exit another pp,1
1577_3,god enjoy platform ever make landscape like coming windows like original tile home screen,1
1578_1,address bar added calendar items give location appointmentmeeting,1
1578_2,address visible being maps showing location calendar item,1
1579_1,vice versa able schedule via being maps adding location maps linking calendar,1
1580_1,return back multitask support may optional significant improve advanced users experience,1
1580_3,current situation almost impossible create kind applications different traces survilence etc,0
1580_4,color picked control like one phone settings would really useful apes want offer user choice colors,1
1580_5,know code one one standard controls,0
1580_6,current mobile brother support keep correctly,0
1580_8,like show couture video pp,0
1581_2,would like control size petitioning playback video,1
1582_1,option change working buttons double click slight,1
1585_3,allow video camera control start stop recording touch screen instead camera button,1
1589_2,domo prototype category like exists andros would solve issue,1
1589_3,number contact added group restricted please remove cap,1
1589_4,already music streaming supported single songs,0
1589_5,would great add albums skydrive stream directly,1
1589_6,preferably albums would integrated music video hut similarly now skydrive pictures integrated pictures hut,1
1589_7,modifications exist pull shade iosandroid style,1
1589_8,pull shade take color theme chosen phone,1
1589_9,modifications exist within shade black times illustrate ratification type short phrase email sums text facebooktwitter mention etc,1
1589_10,background agent enable time execute application event execute periodically,1
1589_11,ability add custom buttons system call app like screenshots click button launch callback access,0
1589_12,access call voice stream snout,0
1589_13,access call controls initiate new call end exists etc features provided standard buttons call page,0
1590_1,current hit back button holders mail app takes back homescreen,0
1590_2,please fix goes back into exit pp,0
1590_3,addition current alphabetical view add sorting option like sort last installed sort recently accessed also would nice shortest screen like fullscreen blue alphabet times dates day ago week ago weeks ago,1
1590_4,something like actual webbrowsertask yuri pointing file isolatedstorage,0
1591_1,add method run another app passing parts,1
1591_2,function costume tile depending mood,1
1592_1,homescreens tile automatically arranged recent used apart latest updated,0
1592_2,would better,0
1594_1,let buy internet free sums minutes career codes,1
1595_1,let call codes think one important things,1
1596_3,support word wrap something would let give meaningful titles apes less app title applications,1
1599_2,ability broadcast bind sockets port would handy making local client server applications need specify server,1
1600_4,want clean simple interface works,1
1600_12,example wrote four applications two days,0
1600_13,getting published took three months,0
1602_1,right,0
1603_1,process particularly someone age getting dreamspark account particularly missed webster app hut account absolutely awful,0
1603_2,windows phone de powerless without low level apt access drivers add features phone,0
1603_3,developed app plays audit using backgroundaudioplayer,0
1603_4,listening audit bluetooth pause audit bluetooth device disconnected audit resumes playing,0
1603_5,run continuous background processing app frequency analysis mid anyone cares,0
1603_6,like control priority background thread make user experience better,1
1603_7,note microsoft bought type need app includes facebook chat type chat video call normal calling,1
1603_8,enterprise feature,0
1603_9,calendar functionality allow specifying end date meeting appointment,0
1603_10,bring back recurrence could create complex meeting schedules,1
1603_11,write app simulate keyboard mouse need software,0
1603_12,sd give explorer view isolated storage download unload isolated storage files device desktop,1
1603_13,help testing debugging applications use isolated storage significantly,0
1604_1,possible send email attachment,0
1605_1,applying job,0
1605_2,faster way switch vibration open settings ringtonessounds,0
1605_3,would nice switches volume control like button ringsilent,1
1606_1,andros gives capability see much storage particular app uses could really,1
1606_2,ever make call phone screen goes dark even putting ears,0
1606_3,give read clot concerns regarding problem,0
1607_1,user able see reviews made people countries,0
1607_2,denmark many users yet lot apes show marketplace without reviews even though see apptracker exist reviews,0
1607_3,sell phone twenty sliding like etc pro arrive providing landscape apes something ridiculous unfair,0
1607_5,enter wrong word keyboard dictionary tying word,0
1607_6,way remove clear full dictionary using keyboard tying settings rest suggestions,0
1607_7,need way select words want delete,1
1607_9,control send desired picture native pinch room controller,0
1607_10,one line code enable native picture viewer pinchtozoom,0
1607_11,instead tap screen choice locking top screen,1
1607_12,twenty social network facebook spanish english caravan would useful spanish people south americans people signed integrated people hut,1
1607_13,lot spanish friends hesitated buy windows phone finally buy favourite social network want neither marketplace neither people hut,0
1607_14,andros pull ratification area well live tile modifications come using app pin start screen still know ratification,1
1607_16,possibility viewer written war files native support war would good job,0
1607_17,built support dews devices would nice especially printing wad printers capturing images wad manners would significant feature,1
1607_18,implementing protocol impossible printing applications would welcome developer end users well available office applications etc,1
1607_19,phone lost allow remote setting custom message lock screen contact information,1
1607_21,picturedecoder decide pg run thread,0
1607_22,especially thinking tile generation background agents like enriched picturedecoder able run thread decide pig well,1
1607_23,extended ability highlight text links within apes facebook twitter copy paste individual textword highlight text bubble txt,0
1607_24,improved text edit curses petitioning highlighting text close top screen far strolling plays and makes awkward get right,0
1607_25,wife data transfer,0
1608_1,ability applications follow data connection device especially edges etc,0
1608_2,run background tasks live times carriers provide limited amount connection,0
1609_1,able call managed code functionality silver light,0
1609_2,windows phone silverlight dont provide all system windows brother,0
1610_1,better multitasking ability background applications,0
1611_1,example playing game pause want play later,0
1611_2,want use phone usual apes kind stuff,0
1611_3,later want continue playing paused hold back button see game open background latest apes,0
1611_4,would really cool developer could get apt access box live gamertags way make users create new account play multiplayer games,1
1611_5,would also help lot leaderboards,0
1611_6,look popular programs field photoshop office come etc one thing always constant party extensability,0
1612_1,bring windows phone native apes,0
1613_1,instead making new camera app allow extend native one,1
1613_3,bring native apes including office dealer people hut etc,0
1613_4,tax useful jump textbook another,0
1615_1,registration forms using keyboard,0
1615_2,arrows keys move early thought text,0
1619_1,groups need stroll case want find single contact,0
1619_2,button open lettergrid jump desired point list,0
1619_3,would like work like walgreens pp,0
1619_4,mange way switch tax slow please implement quicker way roll back previous is come,1
1619_5,greater permission manage music,0
1619_6,help define current position current music mediaplayer june seek position,1
1619_7,obtain another possibilities move music default button fast forward,0
1619_8,windows desktop altar used switch quickly apes,0
1619_9,need something fast,0
1620_1,one suggestion double tap home icon quickly see list open apes shown currently,1
1622_1,faster holding back key time,0
1622_2,june paper support custom code plain one play format,1
1622_3,please expand messageboxbutton option silverlight include yes yesnocancel option,1
1624_1,would nice moral control standard applications additional user choice available,1
1624_2,mutitasking area every app opened,1
1625_1,last five frozen restarted,1
1625_2,close app user able use hers finger flick upwards weeks style,1
1625_4,addition user able take screenshot within multitasking area using finger gesture drag app toward bottom screen screen capture icon appear outer edges icon fill green one edges,1
1625_5,useful sign static,1
1625_6,iv begins widely supported,0
1625_7,available older would great see included later,0
1625_8,allow son exchange notes,1
1625_9,push modifications easily noticeable history tile also tell missed something,1
1625_10,tile counts nice dont every app pinned want way,0
1625_11,history one days modifications would enough,0
1625_12,would really nice share task could pass stream order share image,1
1625_13,task could bring interface share photo pictures library,0
1625_14,would make simple share photo facebook twitter user already set,0
1625_15,would also make possible finally share photo via sums email programmatically,0
1625_16,examples goose able add goose support people hubs,0
1625_17,amazon able integrate cloud music fearlessly musicvideo hut,0
1625_18,flick able integrate picture hut,0
1625_19,searching market able open app already installed,1
1625_20,please provide axis call forwarding call management functionsholdunholdswapconferenceetc,1
1625_21,user would like able select songs put device library wake,1
1626_1,developer allow user choose songs included pp,0
1627_1,main workaround seen various alarm clock apes force user keep app open night particularly awesome battery life,0
1627_2,add option customize size pictures unloaded skydrive send via mail,1
1627_3,also add option autoupload full images skydrive present lucia,1
1627_4,right start apes holding windows button saying start appease,0
1627_5,would great could start app adding instructions example facebook show messages office create new word document prime mark house season episode watched,1
1627_6,holding phone one hand palm hand thumb come close search button stretch far often send search function testing writing email,0
1627_7,possibility controls somehow made less sensitive become mechanical click,0
1627_8,touchmove event called move finger across screen,0
1627_9,cannot create complex html pages fixed header scrollable content,0
1627_10,move content per javascript touchmove event trigger,0
1627_11,please implement whole touchapi internet explorer webbrowser control,1
1627_12,important mobile webster phone andros support,0
1627_13,email non suitable,0
1627_14,enable picture password windows,0
1627_15,meeting multiple sums email services,0
1627_16,thinking sd allow create account pp,0
1627_17,like goose facebook linked want create contact calendar access message hut also writing messages account,1
1627_18,marketplace unload kind restricted avoid problems,1
1628_1,reading web page document would find incredibly useful able jump jump document without endless wiping,0
1629_1,elements one day,0
1630_1,can see,0
1631_1,slightly fustrating one two screenshots take longer load cannot skin wiping images,0
1632_1,like windows mobile older version,0
1632_2,currently review page app list conceptual menu,0
1633_1,pleasant main page app marketplace see general presentation screenshots users reviews,1
1633_2,add capability enter manual parameter visual voicemail,1
1633_3,currently applications view the jumplist appears apes,0
1633_4,apes already difficult find app think jumplist should always available,1
1633_5,believe strolling improved,0
1633_6,sometimes users viewing long document sometimes might want skin middlelower section,0
1633_7,strolling seems take little long,0
1634_1,thus idea actually developer make strolling faster subsequent stroll like every schools strolling speed increase,0
1634_2,ensure buy clips moves video directly without necessarily going,1
1634_4,wipe top two fingers flick last closed app seen windows,0
1634_5,instance email essaying modifications could silenced night whilst call ringtones would function normal,0
1634_7,benchmarking developer good developer work,0
1634_8,encourage developer design better apes makes easy customers choose right apes instead selecting poorly designed apes wasting time,0
1634_9,see many developer benefited textspeech apt,1
1634_10,also bring whole range new apes windows phone,0
1634_11,andros com goose providing free account restrict number messages per day,0
1634_12,supporting windows authentication could useful example writing app interact microsoft dynamic arm,1
1634_13,currently defined set extensions supported files unload skydrive using new live apt limit really usage apt,0
1634_14,example app export is files renamed extensions txt able unload skydrive using live apt,0
1634_15,language search critreria apes games,1
1634_16,nonenglish marketplaces filled apes support english hard find apes native language,0
1635_1,windows phone make part network,1
1635_2,see shared resources,0
1635_3,one shared older set phone device,0
1635_4,easy access transfer sides phone,0
1635_5,business feature would really nice support ability tie void network void phone calls common architecture sip session initiation protocol,1
1635_6,would like ability configure sip client ties void pox phone system would basically become desk phone extension,1
1635_7,way would really work well ran background like phone native phone functionality,0
1635_9,pp developer customer lakes good see everything made,1
1635_10,full almost entity framework support including graphics class designer interior regular assemblies making easy developer refuse model persistence classes phone without need red work line nasty tricks,0
1635_12,would nice employment ability home able done carelessly,1
1637_1,includes deploying visual studio developing using application employment tool installed de tools,0
1638_1,benefit would microusb cable handy still de deploy phone try something deploy friends cap phone find cable first,0
1639_1,could implements via wife course since june tireless son already even bluetooth get bluetooth data transfer ability,0
1640_1,lacks us audit functionality microsoft son cars,0
1640_2,bluetooth playing audit limited,0
1640_3,requesting map mass storage functionality since competitors like phone able already son,1
1641_1,isolatedstorage image file save local medialibrarywhy record wave file,0
1642_1,slow little possibilities,0
1644_2,took realized forgot staticresource within style attribute,0
1645_1,hard create application supporting multiple languages,0
1645_2,give functionalities like resource manager given side platforms,1
1645_3,managing resources older structure made easier,1
1645_4,make player moment volume really low,1
1645_5,currently persons max,0
1645_7,please enable pinning wife settings start page,1
1646_1,splashscreenimagelight splashscreenimagedark would great,1
1647_1,would great option select image isolatedstorage app update splash screen image needed,1
1650_2,make metes style app would need adapt run windows phone,1
1652_1,would also nice deploy one package marketplace needed bits would transferred,1
1653_1,add moves books would excellent addition system,1
1653_2,enable speech command play songs selection saying play song name play artist play album,1
1654_1,believe single important thing windows phone successful users countries services available,1
1657_1,marketplace become available would great users countries could migrate accounts country really live,1
1658_1,since windows phone selling hot countries like india brother start displaying indian language characters,1
1658_2,allow user set different accent colors different times,1
1658_3,small times instead long list apes download like andros is,1
1658_7,pp able publish service discoverable constable apes,1
1658_8,example app process images want apes able discover app submit photo process,1
1659_1,would like access stream music played via media library,1
1660_1,wish functionality access synchronize public older exchange public contact calendar,1
1,lovely breakfast turn left front entrance next corner cafe fresh baked bread cooked meals,1
2,catch right star hotel going get pot luck services,1
3,travelers avoid looking market hotel amsterdam,1
4,thing liked block away albert vein grocer store picking odd room snack soda pay mind bar,1
5,might good place tourist try another place amsterdam business,1
6,however people know rating amsterdam different,1
7,want something bit different sure find bed breakfast better quality fraction price,1
8,cafe main lobby expensive coffee plenty local nice places streets literally next block,1
9,also hotel would advised forget baffled chocolate water freebies provide tea coffee making facilities,1
10,stay top floor highly recommend hotel,1
11,yet email hotel see response get however stay would suggest check bed first opening luggage,1
12,would highly recommend hotel staying amsterdam,1
13,one important item mentioned webster tolly runs close central train station,1
14,take train airportvery easy get central station catch tolly,1
15,try eat ribs sing single pub turn right leave hotel keep walking find pub right approve yes,1
16,closing would hotel road belongs group looked lot better hotel want location small cost real rip,1
17,visit even dont stay hotel,1
18,like ask change,1
19,adjacent building alleyway bring coat even going breakfast,1
20,many shopping bags pop back hotel drop back across road spending,1
21,breakfast room old winter garden lovely senate room relaxed atmosphere need much lunch,1
22,curtains could splash colour,1
23,recommend keep wandering right past pulitzer plan,1
24,however plenty hotels around would certainly every aspect claiming history reputation services pamphlets,1
25,expecting mid range star high end star place,1
26,make sure take bike,1
27,public areas would expect star hotel need major dating,1
28,get look canopy outside main entrance watched sellotape,1
29,less minute walk central stationary restaurant within walking distanceand always lot going right outside dam square people watch,1
30,checking aware given room back hotel readable elevator going terrible experience,1
31,want spend much places sell bread croissants rolls peters hotel especially dark,1
32,otherwise department store outside hotel right looking royal palace nice cafeteria,1
33,short walk front gets leads square,1
34,want anything else take buffets,1
35,comforted draped furniture need replacement,1
36,city centre short walk away along pedestrianised street take trap,1
37,booked would strongly recommend check bill carefully checking choose express checkout option,1
38,let online travel sites fool,1
39,also asking wake call aware call,1
40,even waste time arguing administration,1
41,eat hotel nice italian restaurant stand facing hotel turn right find side street,1
42,turn left existing hotel expect find prettier quieter picturesque side amsterdam nicer cases bars restaurant offering reasonable prices better food drink,1
43,guests know facts choosing book hotel,1
44,get past receptionists get room booked think hard pushed find fault hotel,1
45,carpets furniture need renewal,1
46,however plenty places within walking distance offer cheaper alternatives,1
47,ask front desk coupon happy give,1
48,looking convenience hotels location across train station aware particularly seedy dangerous area,1
49,want near station safer better hotel definitely pay little stay renaissance block away,1
50,would recommend stay hotel,1
51,hotels location great especially arriving via train opposite train station start damask street,1
52,recommend avoid altogether get local cafe,1
53,really tourist squares feel really relaxed although square block away want,1
54,word note want mind bar restored make sure let cleaner know want room cleaneddrinks restored,1
55,would highly recommend staying definite,1
56,definitely dutch restaurant recommend round corner,1
57,always specify prefer book,1
58,everything complimentary breakfast drinks recommend hotel highly enough,1
59,breakfastbuffet comprehensive could supplemented madetoorder eggs pancake omelet french toast,1
60,favor indonesian dinner temps doyle utrechtestraat try rice latter includes portions different dishes,1
61,yes want drink cheap cava cheap white wine cheap red wine,1
62,sure meet even front desk knows everything concerning stay as,1
63,dont let expensive prices dupe thinking staying deluge hotel assuring expensive staff far,1
64,might get high class amenities offered bigger chains want stay somewhere makes feel home moment walk door,1
65,room small little noisy front hotel next main road get chance ask room canal view side hotel less traffic,1
66,plan sitting room stay amsterdam stay elsewhere want good clean hotel used place sleepbase exploring city cannot wrong nail,1
67,deposit gives piece mind suggestion,1
68,one place must visit ice bar europe includes drink,1
69,spare time half day trip windmills zaanse sans onto cheese factory dont buy cheese really want half price airport fishing village volendam,1
70,hotel run friendly staff rooms cleaned daily rooms reasonably prices comfortable considering stopping worries disappointed,1
71,hotel ideally located great view westerkirk church within easy walking distance worthwhile stops anne frank house theater museum,1
72,price would definitely stay recommend room without view quieter,1
73,budget place fine,1
74,considering hotel nail must consider amsterdam whole,1
75,deciding hotel stay concerned size layout hotel simply must realise amsterdam,1
76,also lovely boutique shops two minutes away along canal,1
77,looking flash sterile five star hotel probably place,1
78,would recommend stay nail anyone travelling amsterdam,1
79,good clothes shopping done kalverstraat nieuwendijk dam square good tattoo artist gravenstraat,1
80,fifty fan called nine holland created take trap fifty shop called winked van nijntje beethovenstraat,1
81,travelling alone please stay hotel,1
82,sleep lightly would problem tramp ask interior room,1
83,older travellers ought beware extremely steep steps lead reception rooms,1
84,would right next shopping areas canal hours madame tussauds close red light district anne frank house,1
85,nice take away sandwich shop near,1
86,business use fine free computer room guests floor tourism might want something character,1
87,rooms everything could want free internet access useful want into local attractions train times etc free phone calls useful confirm local arrangements,1
88,great place stay especially want quick access risks ardor van go museums,1
89,pub last waterhole great spot want hear live bands there lots different places eat hotel staff friendly helpful,1
90,supermarket ramblas called carrefour stock brand water hotel puts minimal,1
91,beware packages purchase,1
92,unless swim inches water dont expect deep roof top pool,1
93,recommend hotel people looking good stars hotel center barcelona,1
94,want location hotel best bet barcelona shopping walking around location middle main shops restaurant,1
95,coffeepastry house across street,1
96,look better rooms would suggest staying prepared pay extra upgrade room,1
97,want good service good round experience stay elsewhere,1
98,quality breakfast good choice food fullenglish breakfast eat,1
99,looking central hotel special something recommend majestic,1
100,weather good rooftop terrace great addition although pool probably better kiss splash rather trying actually swim,1
101,trying decide carts majestic would definitely recommend carts,1
102,review room must stay,1
103,please refrain using renovation excuse louse job consider lowering rating worth maybe nothing,1
104,please whatever spend money elsewhere,1
105,summary despite wonderful location facilities hotel represent vary poor value money suggest try hotel des arts stretch imagination quite five star,1
106,prepared pay neuro room coffee made coffeemaker room add tax neuro come taken minimal without tax,1
107,would highly suggested get look leading places malmaison hotel in soften yes charge sort high prices deliver exceptional service,1
108,stroll las ramblas minutes mostly along beach,1
109,could improve service would top hotel even worldlevel standard,1
110,beware many pickpockets area,1
111,hotel near marina great want near beach centre things,1
112,buy glorious fresh produce market pay city prices meals around hotel,1
113,room tea coffee facilities would bonus,1
114,like iron clothes evening take travel iron hotel one use,1
115,also take travel kettle rooms teacoffee making facilities,1
116,use aerobes airport cheaper less haste retro,1
117,the rooms necessarily view ask one front building noise leave windows open,1
118,like art nouveau place,1
119,overall bad hotel smart clean helpful staff stay sure lock everything safe,1
120,one hotel keep big enough lawton would recommend using leaving anything lying around,1
121,one stop drassanes find port mare magnum shopping centre plenty restaurant offer,1
122,plenty see reasonable price plan wisely,1
123,plenty webster constantly changing deals hotels booked hotelscom plus flights easyjet lower overall cost got return flights,1
124,overlay expensive unless stay main strip,1
125,sleep important would recommend hotel,1
126,going back please careful,1
127,must keep windows closed,1
128,make online reservation impossible mention travel children,1
129,take advice breakfast hotel left much better quarter price nice atmosphere,1
130,return barcelona definitely stay hotel barcelona universal would highly recommend anyone,1
131,free office facility floor pus printers might prove handy,1
132,bit noisy streetside room windows closed noise well insulated,1
133,word wise restaurant pictures food outside keep well away,1
134,would back recommend simply average,1
135,nice business center floor flight check in,1
136,retro stop close hand well handy visiting spots,1
137,need read thinking staying hotel,1
138,business owner would agree sort action taken owner hotel guests,1
139,also remember bring travel iron hotel one,1
140,looking nice clean hotel one,1
141,great light mealbreakfast lunch great wander large market get beautiful large fresh strawberries wonderful parties vendor,1
142,said stay make sure look hotel front stay left hand side looking onto city rather harbour,1
143,recommended people back good hearing thought wish wash beyond nice expensive convenient hotel stay,1
144,unless boarding cruise ship maybe middle summer choose differently,1
145,relaxing friendly bar lounge roof top area would great summer little cool december sunshine,1
146,aware big tourist city keep wits flaunt money camera etc,1
147,accept city quick let head,1
148,one tip check change many waters taxi drivers decide tip giving thought take front,1
149,want drink bottle water take,1
150,great travelers arriving train short walk across place also good arriving car southern points turn right diagonal onto rumania blocks,1
151,large contemporary hotel looking quaint typically spanish style might try elsewhere,1
152,regarding security sensible barcelona dangerous london manchester leeds etc wear roman meyer trousers lipped security pockets inside front pocket keep money day,1
153,price area include breakfast least,1
154,want good food attic near top end gambler,1
155,looking great meal modern chin setting place,1
156,fancy stroll rabble minutes,1
157,real pool wouldn recommend hotel family small children swimming pool necessity,1
158,also made bit noise light sleeper may fine sleep disturbed,1
159,ask room high floor possible get great views city surrounding area,1
160,otherwise meals get snap want,1
161,want hotel dont leave money sight,1
162,trouble sleep think wrote,1
163,would recommend pulitzer hotel anyone going barcelonago book,1
164,summary style need great better option cool,1
165,anyway please let put good hotel,1
166,get room fourth floor,1
167,property easy walk passed grain ramblas even beach difficult like,1
168,warning people generally barcelona shopping incredibly good perhaps amongst best shopping cities world beware smoking credit card,1
169,need stay notice area away ramblas,1
170,try get higher floor,1
171,sure bring adapted,1
172,stop farggis relate really good,1
173,materials see cheap door doorframe plastic material cap matter problem,1
174,pool great midday break trips around city great views lots sun chairs,1
175,much say already said nice clean enjoyable stay would recommend hotel good location service spot,1
176,travel tipssagrada familiar take elevator shorter line right entrance easy miss one be get swept church rest crowds opposite elevator,1
177,crowds thinned,1
178,may tell stop serving bill surprise,1
179,would recommend taxi airport fussbother way reach hotel,1
180,race restaurant also recommended turn right front door,1
181,ask room higher floor worry get,1
182,also better hotel option one area,1
183,would recommend breakfastdrinks bar opposite for reasonably prices friendly staff,1
184,would recommend visit hotel roof pool looked inviting plenty sun loungers,1
185,would definitely recommend see following sagrada familiar case bacilli federal table espanlo,1
186,give plenty time see surprised amount time spent,1
187,downside shower needs longer barrier taking shower means creating small flood need soap people haphazard replenishment toiletries,1
188,visit gauze houses case battle stunning,1
189,warned though last half steep slope,1
190,student take us card get discount entrance fees,1
191,visit boqueria market las ramblas fruit ve particular amazing sight,1
192,barcelona know get aroundthis great hotel,1
193,would suggest take ear plugs intend staying,1
194,breakfast buffets diverse range good value included booking,1
195,short walk round rabble couple blocks right find hotel,1
196,also starbucks attached hotel fancy coffee coffin one morning,1
197,either make sure give yourself plenty time graze head one coffee bars area grab coffee pantry,1
198,looking great cheap seafood restaurant try parade commercial minute walk hotel,1
199,choose glistening mounds class vessels squad spider cabs whatever else boats brought let know like cooked drilled steamed mariners pick sauce buy drink wait number called,1
200,ask staff tips advice make sure put one small dark corner rooms inner courtyard,1
201,plenty cases nearby starbucks next door craving caffein fix number small supermercados nearby picking waterdrinks cheaper mind bar,1
202,please check pick see rooms look like,1
203,want stay make sure pay extra supplement good rooms,1
204,hold button continually keep dwyer,1
205,breakfast excellent try track rate,1
206,walk yards onto ramblas hail one never took longer seconds,1
207,would recommend taking time enjoy leisurely breakfast dining room looks ramballe,1
208,however looking relax get decent sleep careful didn,1
209,patagonia definitely worth visit beef die,1
210,would recommend asking room window outside,1
211,relation place catalunya rabble hotel less minutes walk plus tourist information office another couple minutes walk rabble,1
212,street noise room second floor people night traffic seemed lot trunks loading unloading day earplugs recommended light sleeper lifts take age,1
213,overall recommend travellers especially younger travellers like somewhere market hostess might appreciate modernity basic aesthetic place,1
214,want hundred bubble one others care true parisian lifestyle sure stay,1
215,pleasant staff pleasant public rooms pleasant breakfast stay stay standard double room either stay superior room suite another hotel,1
216,spend quite lot time hotel still drink room,1
217,check gem restaurant called care around corner hotel delightful good friendly service,1
218,one desk attendant one time expect porter help luggage offer either,1
219,skin breakfast baker right downstairs great opens though,1
220,think would worth paying bigger corner room want day visiting paris,1
221,many hotels nearby make reservation well advance,1
222,plenty choice definitely pick better option,1
223,would also print detailed map location,1
224,subways easy use neuro ride less buy cannot tickets,1
225,number reasonably prices restaurant place march sainthonore couple short blocks hotel,1
226,one rooms located next busy restaurant bar room avoid room bring sleeping tablets,1
227,would suggest another hotel want sleep past,1
228,right around corner five minute walk away wonderful boulangerie cheese shop green grocer wine shop gastro,1
229,easily walk notre dame pantheon hotel,1
230,loads cases offer breakfast price hotel area,1
231,small grocer store around corner much much cheaper buy breakfasts,1
232,store fridge you want instead standard fare,1
233,fresh food market maubertmutualit retro stop three times week,1
234,main woman front desk forget helpful dinner directions,1
235,hotel good basic choice want clean safe place visit sites,1
236,want fancy lobby lounge minute walk rite west,1
237,front hotel excellent japanese restaurant seems major hit local,1
238,paris explore bring good walking shoes,1
239,fantastic cafboulanger street ronde pains differ tower minute walk,1
240,think going get one good ones certain book superior room count,1
241,gone experience although never would imagined saying would recommend staying cookiecutter boring iris comparable cheaper rate,1
242,mind discomfort right hotel,1
243,god better stock juice,1
244,nearest pharmacy train ride away beware,1
245,want peace quiet place,1
246,keep mind walls hotel thin,1
247,here tip take retro station notre dame lorgnette hotel immediately street around corner,1
248,search station maps retro stations,1
249,looking great meal expensive price try restaurant called brooch more,1
250,supermarket road take kettle coffee room,1
251,use supermarche across street snacks soda,1
252,also renovation retro stop closest differ next march walking nicer option,1
253,staying hotel stay section facing back hotel,1
254,cheaper breakfast right corner sutter street dinner classic american breakfast served,1
255,would definitely recommend hotel anyone traveling san francisco especially looking shop,1
256,look banking make sure staying hotel hotel,1
257,one tip though better end lineterminus get car join queue busy,1
258,one suggestion hotel sounds like turned away room available happened frequently past,1
259,place stay romance gateway,1
260,get early walk way golden gate bridge,1
261,make mistake,1
262,abundance restaurantscafesshops etc definitely try fresh crab anywhere fisherman growth fresh calm crowder bread bowl bound baker,1
263,wine country tour good get,1
264,miss complimentary wine wasting every day great way meet travellers enjoy glass two,1
265,want see golden gate bridge rent bites two seated four seated motorized vehicles places within two three blocks hotel,1
266,also recommend pokers breakfast,1
267,nice bar two blocks east great breakfast one block west van ness pay great eggbacon sandwich,1
268,car park real bonus city parking limited,1
269,give couple tips staying san francisco would avoid fisherman wharf unless like really tourist trash,1
270,great city wear comfortable shoes,1
271,overall would recommend,1
272,read ahead time channel into hotel,1
273,want impress cab driver,1
274,need directly across street union square cannot walk even one block would case,1
275,willing take risk leave car hotel prepared wait minutes retrieve car,1
276,bother paying brekkie unless really want pig buffets,1
277,need watch food temperatures,1
278,would hesitate recommend hotel anyone,1
279,expectations sea winter merritt forget,1
280,probably start booking hotel much earlier chosen different hotel,1
281,overall recommend hotel,1
282,little store front hotel get bodies snacks bring back hotel use mind fridge store soda water etc help save money use minimal stuff,1
283,food prices hotel restaurant steep restaurant hotel mattertips eat breakfast delhi nearby hotel cheaper,1
284,also take trip manly beach time,1
285,early arrival always fraught problems one little choice arrive due airline schedules,1
286,mind climbing small slope try shangrila,1
287,insider tip walk way across bridge underneath great photo op city,1
288,also room service quick reasonable,1
289,sydney sit room watch,1
290,hotel scores great marks however staying hotel would expect pampered least longing return bed,1
291,make sure aware plan last day accordingly,1
292,whatever book rooms single beds adult,1
293,take dollar taxi ride sydney harbour area downtown get fill restaurant,1
294,however get price right want clean,1
295,would recommend altamont independent traveller,1
296,one suggestion improvement would breakfast could imaginative varied,1
297,hotel wants attract fashionable young crowd must surely think full length mirror bedrooms must,1
298,better going town finding breakfast cafe restaurant,1
299,would recommend staying club floors choose hotel,1
300,would stay would make sure top floor,1
301,staff quality would advise one better know chain hotels least know expect,1
302,things know large revolving front door locked midnight point need press green lighted button bellstand rings night manager inside let,1
303,converge desk plenty umbrella desk need borrow one lighting inside rooms seemed bit spare like bright,1
304,certainly avoid rooms back,1
305,highly recommend esther,1
306,however watch bedbugs,1
307,thinking visiting amsterdam please look anywhere else,1
308,there nice cafe next door huge breakfast less half,1
309,suppose paying hotels dam square location considering easy get around amsterdam considering noisy dirty dam stay place little away walk,1
310,also arrive amsterdam car prepared spend arm,1
311,lobby could use little work well,1
312,plenty restaurant nearby including hard rock cafe across canal,1
313,get lost around amsterdam least follow signs back central station,1
314,recommend cocktail front bar,1
315,plus many better things spend money amsterdam enjoy,1
316,would recommend ice bar future visitors the smaller thought,1
317,please aware though indication breakfast included,1
318,great thing hotel directly opposite central station huge plus point passing heavy bags coming airport,1
319,taking car expect pay region europe parking,1
320,would recommend hotel although location,1
321,usual taxi service hotel airport trying budget might better take tramtrain route,1
322,star reservation hotel amsterdam cancel,1
323,traveled europe know baths large,1
324,get floating flower market fourth stop central station,1
325,always think judge book cover though,1
326,please advised steep stairs leading hotel would suitable anyone walking difficulties,1
327,breakfast overlay exciting great pancake shop hotel would recommend,1
328,clot staying skin place,1
329,get strip trap tickets newsagent prices tramp,1
330,hour get back trap want use juststamped ticket,1
331,anne frank house round corner late avoid queue,1
332,would highly recommend hotel nail would definitely stay visiting amsterdam future,1
333,though always sleep earplugs,1
334,want base explore beautiful city,1
335,train central station take straight airport neuro,1
336,expect hear noise rooms unless specifically ask quiet one,1
337,would recommend hotel definitely worth money avoidlike plague,1
338,expect views window,1
339,would highly recommend hotel hosts travelers,1
340,trap deposit within one block hotel stop opposite van go museum,1
341,bathroom large shower bathtubs rubber duck buy tickets rembrandt museum rijksmuseum hotel,1
342,choose smaller room hans store luggage,1
343,chair would useful longer one night stays,1
344,got try place amsterdam,1
345,catch trap outside hotel areas,1
346,simply put whirlpool jets accept fact nothing big bathtubs,1
347,would recommend costa gallery one block north passed grain get piquillo pepper stuffed crabmeat palatal brave wash good cold glass local pennies wine vilna sol,1
348,mattress need replacement rotation felt would slide bed mattress leaned towards telephone,1
349,suggestion insist staying view room beforehand,1
350,avoiding rite carlton next century suggest stay away monstrosity barcelona,1
351,one block walk takes retro minutes away everything,1
352,remember take causing next doors real shame problems otherwise probably could fault hotel,1
353,would normally write reviews however stay weekend feel compelled recommend others waste money stay hotel,1
354,stay somewhere else barcelona arts visit great bar fantastic frola restaurant,1
355,hotel great location want whole tourist thing around ramblas,1
356,teacoffee making facilities room really standard star hotel,1
357,still tempted visit stay hotel las ramblas think get much better deal,1
358,great place young old single couples however put streetwise hat hunters working ramblas,1
359,breakfast really rise standard eurofare though need fuel day ahead till,1
360,hesitate making reservation place,1
361,minute walk terminal along signposted route brings train station journey mind costing our,1
362,would recommend place stay visiting great city,1
363,sure lock stuff,1
364,would hesitate recommend others,1
365,star luxury hotel would nice would drop bottle water every day,1
366,would consider staying would recommend mind location would probably stay closer action next time,1
367,suggest try place,1
368,spanish even think staying unless enjoy feeling like unwelcome guest,1
369,lot see get cheap guide book plan visit,1
370,could give one piece advice either pay hotel closer actually things come back another time,1
371,want get around sights use bus touristico great,1
372,highly recommend anyone visiting city,1
373,words make sure bill leaving hotel,1
374,skateboarder party convenient several better spots mamma university one stop retro para,1
375,recommend buy drinks hotel bar mind bar expensive,1
376,entry dismounted buy barcelona turistica bus ticket,1
377,bring come walking shoes,1
378,new area would recommend,1
379,sea really need cleaned avoid mamma,1
380,would recommend hotel great place stay especially wonderful rooftop terrace central location,1
381,light sleeper internal room,1
382,antonio wonderful place spend hour interested local food culture language etc retro block away cabs available call street within minute two spot,1
383,avoid sea area joke,1
384,nice hotel stay unless care receive faces time telephone transferred wrong room unlucky one family name another guest better stay place thence maurice,1
385,try cedar visiting,1
386,make sure finance home sell car bring lots cash many employees grateful tips day,1
387,skin neuro breakfast walk hotel turn left walk steps wonderful baker,1
388,could got combination rosy bus retro,1
389,twice week farmers market buy everything fresh fish foie gras table linens jewel,1
390,expect sleep time prior radiated pipes keep awake,1
391,would suggest hotel langlois paint furnish attic measures rest facility,1
392,think hard booking hotel room rate might seem,1
393,would love back would definitely recommend absence fantastic location totally amazing staff special treats,1
394,thrilled upgrade suite ground floor check photo hotel webster true,1
395,grab couple baker items one corner batteries seat counter cafe blue morning cafe last,1
396,though recommend hotel others,1
397,boulanger doors decided buy croissants baguettes claims etc retro literally right outside,1
398,however accept rooms light sleeper like rooms ground floor courtyard,1
399,left half box table,1
400,advice book hotel area charm unless want downtown,1
401,room needs better electricity plugs,1
402,tip want really quiet room ask one back hotel floor took breakfast every morning hotels restaurant lupus,1
403,sharing room someone know get two rooms,1
404,ask room back hotel high,1
405,daughter returned four night stay pulitzer disappointed,0
406,searched good hotel rate day much research decided pulitzer,0
407,big mistake,0
408,saw lot tour groups hotel,0
409,summary would spend money stay sheraton pulitzer would hope typical stanwood luxury properties,0
410,mainly chose property location used live neighborhood absolutely love area,0
411,odd get room twice,0
412,well since staying years ago,0
413,addition attitude cobwebs dust prevalent,0
414,thing changed day day made bed,0
415,positive aspects location,0
416,canal location exquisite,0
417,staying canal house experience makes hotel unique dutch,0
418,guess proper appreciation difficulty joining odd canal houses together make hotel,0
419,maybe expectations would find way five star property,0
420,event underwhelmed pulitzer,0
421,fact many apartments considerably smaller okay peeped windows way many apartments walked along canals,0
422,central lobby speak,0
423,mean awful,0
424,hotel truly best amsterdam enjoyable place stay,0
425,pound little dog loved felt like home immediately,0
426,honestly can find anything bad say pulitzer staff given pricereward ratio,0
427,fact looking pricereward find pulitzer highest category star hotels give,0
428,location can beat,0
429,place killer happy return shortly,0
430,spent nights hotel march march location excellent,0
431,husband third floor people staying could room,0
432,communicated months advance requesting canal side room access elevator travelling partner year old mother,0
433,confirmed email hotel advance request,0
434,yet arrived date planned,0
435,got one smelling heavily cigar change get room sorry,0
436,said willing pay,0
437,first day niceunfortunatly repaid nights europe per nightnot cheap amsterdam,0
438,told survey thinking hotel,0
439,answer sorry hope see pulitzer,0
440,everybody meet tell never hotel,0
441,got great rate hotel hotwire per night really pleased staying,0
442,reservations booking pulitzer reading mixed reviews talked travel agent books high end travel,0
443,women mouse scratching door trying get room,0
444,see gets spot reviews,0
445,hard part far better hotel amsterdam hotels,0
446,range experiences expectgoodlocation concept row houses around two canalsbeds,0
447,got food poisoning onceservice attitude,0
448,master good old fashioned,0
449,made reservations hotel,0
450,planned trip parents,0
451,wanted treat nice experience one best hotel amsterdam,0
452,horrible experience,0
453,parents shocked,0
454,converge could find tickets concert town,0
455,staff tired helpful,0
456,hotels location brilliant within walking distance rest city,0
457,moroccan door bar staff likewise helpful polite efficient,0
458,management lazy rude complacent could manage anything without conflict including printing bill checking,0
459,refusing carte blanche credit card remarkably working computer printer claiming filling problems,0
460,tried pull trick asia members traveling party,0
461,left lobby resembled port rotterdam morning someone could organize somewhere else empty conference room put luggage german coach holiday,0
462,given attitude senior staff think may getting english stag parties elderly coach tourist stanwood group desire,0
463,stayed hotel pulitzer beginning january,0
464,stayed pulitzer business beginning june,0
465,breakfast neuro,0
466,location great,0
467,visit amsterdam first stay pulitzer,0
468,thanks got special price endless week end with make price room europe night,0
469,thanks pay price,0
470,location nice bar nice staff friendly rather put money another hotel next time,0
471,used room service dinner first night arrived late,0
472,booked deluge room pulitzer much looking forward one night stay,0
473,fatty went,0
474,expectations disappointed,0
475,finally legged suitcase winding dirty staircase got room,0
476,extremely impressed quality service encountered,0
477,high price paid stay represent value money far concerned,0
478,stayed new years eve reward room free,0
479,rooms facing canal may get much better view,0
480,hotel lies along grand canal beautiful historic amsterdam neighborhood,0
481,husband went romantic weekend already getting ready book holiday season,0
482,stayed twice recently say extremely disappointed,0
483,stayed week business trip,0
484,also simple requests never followed,0
485,includes wake call happen asking iron never arrived,0
486,really cannot see gets away claiming way luxury hotel,0
487,row houses converted hotel run poor decidedly average manner,0
488,stayed nights may executive canal room,0
489,good stuffthe location best amsterdam away noise sometimes seedy side amsterdam,0
490,houses big tall windows light,0
491,staff friendly helpful great restaurant,0
492,shocked,0
493,hotel full upgrade availabledue lack soundproofing noise travels,0
494,noisy neighbours next door,0
495,trip special occasion,0
496,booked champagne,0
497,difference price assumed would,0
498,sunday morning monday much better service whole,0
499,guess week much better quieter,0
500,left late,0
501,paid much got,0
502,planning stay hotel,0
503,every hotel netherlands agreed refund money one,0
504,fact rude,0
505,fact talked stanwood policy actually told local manager make determination,0
506,stayed hotel first trip amsterdam,0
507,spy updated wonderful room end halfway,0
508,although want huge room means big enough,0
509,down takes get ones room gets old,0
510,front desk girl alexis friendly rather negative,0
511,moved master hotel true star,0
512,months later credit card company resolved matter favor,0
513,shocked way matter mishandled hotel,0
514,shocked reviews,0
515,travel business daily basis,0
516,shocked needless say basically accused front desk stealing,0
517,make next biggest mistake going eat restaurant eating,0
518,got violently ill,0
519,spent next day bed,0
520,return bar next night recovering,0
521,bar tender asks night,0
522,mention ill got,0
523,asked ate mentioned shook head bought shot,0
524,called day said able stay connected minutes,0
525,told would like give number,0
526,know rude last comment,0
527,wish experienced service previous guests experienced,0
528,stayed recently nights,0
529,stanwood platino member,0
530,checked assuming would given upgrade best available room wording according policies stanwood,0
531,called duty manager next night asked larger room,0
532,first fed story small rooms,0
533,tried give upgrade next class room best class,0
534,things note pro free stroopfwaffles day great beds,0
535,given paid expected,0
536,overall charged expecting,0
537,much research finally decided hotel position amsterdam classed luxury seemed ideal choice daughter spend weekend special birthday treat,0
538,reception nightduty managerfemale whose name noted appeared resent interrupted whilst conversation friend expression told thought cause practically sneer disbelieve,0
539,point seem interested could feel professional face develop,0
540,wish spoil daughters first visit pursue matter vociferously would normally husband,0
541,conclusion disappointing choice one compares hotel others experienced supposed lesser category,0
542,family nice trouble free night stay pulitzer,0
543,familyfriendly couple young child toller tow appreciated ample crowded public spaces room,0
544,points corporate rate supposed pay europe night stay seemed reasonable,0
545,arrived received treatment front desk many previous reviews,0
546,generally disorganized cordial though rude,0
547,furniture nice shabby scratched denied,0
548,canal peaks could hear people walking talking shouting laughing wee hours,0
549,heard banging day,0
550,breakfast great would spend extra europe night include price room seemingly differentiated regular room executive,0
551,spend europe take hour ride lovely canal boat would great family baby showed late strolled displaced passengers,0
552,booked threenight stay using starpoints arriving december,0
553,stanwood platino,0
554,informed upgrade available hotel sold new years eve,0
555,later evening checked hotels webster saw hotel sold,0
556,could hear noise halfway room theater,0
557,stayed pulitzer time ago august memories lost,0
558,friend stayed neighborhood closer red light district let say,0
559,spent lot time neighborhood,0
560,canal boat hours,0
561,norm amsterdam apparently friend came said room pretty much size bathroom seriously,0
562,first floor canal bit noisy road noise construction work done,0
563,nonexistent service poor food rude attitude overwhelmed staff noisy stuffy rooms,0
564,problems began arrived early check,0
565,imagine refused good way start holiday,0
566,views looked another building almost immediately opposite,0
567,lack light depressing ceiling light,0
568,fairness refused back fee still leaves europe night still ludicrous price hotel advise,0
569,read bad reviews pulitzer,0
570,couldn agree,0
571,last year hotel still getting rates,0
572,time reviews reflect bad place really,0
573,least faced courtyard instead attic,0
574,converge consistently gave bad advice gave,0
575,excited see,0
576,stayed west grand past weekend trip berlin run marathon,0
577,family member stanwood hotels employee stayed many west properties,0
578,one middle terms quality,0
579,plus side location great,0
580,close public transportation close many city attractions close start marathon,0
581,also great access sea pool race,0
582,also agree many posters breakfast great,0
583,also charge year old son,0
584,eats quite bit,0
585,negative side fact change towels one day,0
586,stocked bathroom supplies night stay,0
587,additional room service pot coffee took hour,0
588,stayed unrenovated room view window onto fredrichstrasse,0
589,nice since could see portion race route could watch roller blades,0
590,runners window,0
591,overall stay neutral,0
592,stayed west berlin times,0
593,time stayed two nights,0
594,gave room upgrade renovated room,0
595,renovated,0
596,yes call renovated,0
597,renovated rooms located courtyard size like normal rooms,0
598,bad smell ugly furniture bad design old fashioned dirty noisy really heavenly bed guess,0
599,still location best,0
600,lobby pretty impressive,0
601,rest hotel forget,0
602,also food friedrich boring traditional,0
603,wife stayed two nights hotel end february,0
604,carnival full swinging berlin hotel,0
605,granted enter lobby feel entering great hotel,0
606,lobby beautiful luxurious feel lovely staircase,0
607,luxury ends right,0
608,schizophrenic state starts begin walking room awful smell corridor,0
609,concur previous reviews,0
610,felt walking fewer,0
611,enter room,0
612,twin bedded room mean twin small beds,0
613,really separate beds,0
614,request change denied notwithstanding stanwood card,0
615,heavenly pillows heavenly beds heavenly comforts,0
616,felt staying star hotel room,0
617,enter bathroom,0
618,must decorated owner hospital,0
619,white bodies,0
620,accept however balcony great view unto under den linen,0
621,conclusion star hotel,0
622,stayed grand west several times,0
623,lobby location perfect,0
624,service,0
625,stanwood platino member upgrade,0
626,said congress like berlinale,0
627,rooms old fashioned sticky noisy,0
628,bathroom even worse,0
629,reality rooms look different,0
630,much worse,0
631,best thing west everybody already stated location,0
632,hotel area hilton blocks away others star range,0
633,big problem fact rooms ever present fewer smell hits soon walk room,0
634,prepared many reviews mentioned still unacceptable,0
635,staying stanwood points,0
636,room breakfast included award,0
637,points valuable,0
638,felt like wasted hotel,0
639,curious thing walked outside hotel every often friedrichstrasse brandenburg gate,0
640,awful smell would drift,0
641,small trip berlin spring choose hotel easy reach heart berlin,0
642,breakfast one best ever,0
643,wait quite long time get seated small crowded breakfast room,0
644,quite large luxury hotel rooms really small,0
645,room got nothing special small clean that,0
646,overall hotel quite,0
647,better ones,0
648,returned great night stay west fantastic priceline deal,0
649,would agree earlier reviews hotel quite make star status claims good star property,0
650,hotel located former east berlin well placed sights,0
651,getting around easy thanks utah station practically footstep,0
652,public areas grand especially lobby huge trim sweeping staircase piano player,0
653,could notice strange smells lifts mentioned previous poster,0
654,bedroom standard size decorated classic style,0
655,room show signs wear nothing major though,0
656,refurbishment programme progress note apologizing noise heard though hear,0
657,beds promised heavenly pillow could moulded suit height preference,0
658,bathroom whilst adequate rather basic white tiled room quite match grandeur bedroom public areas,0
659,everything worked well though,0
660,good selection bathroom products,0
661,staff times exceptionally courteous polite,0
662,breakfast included,0
663,husband stayed west three nights,0
664,booked nonsmoking room given smoking room instead,0
665,room long corridor three dead lightbulbs pointed replaced stay,0
666,soon arrived went wash hands,0
667,head tap came,0
668,fridge door became unhinged soon opened,0
669,would funny rare break addition room tired smell stained carpet stained armchair,0
670,net curtains seen washed long,0
671,sheets changed three days,0
672,one suspicious rosy mark,0
673,however worst thing level service rather complete lack,0
674,given another room wait next day tap fridge fixed,0
675,asked sheets changed three times,0
676,told would,0
677,never happened,0
678,reception staff plain rude,0
679,even manager told still cannot believe heard given smoking room,0
680,even asked one happen spanish,0
681,spanish people smoke,0
682,tried pool relax ourselves,0
683,waiting mind get towels gave single lady managing beauty centre whole pool area,0
684,following day lucky towels found poolside furniture dirty,0
685,never given apologies signs regret shortcomings deal,0
686,frustration depressing experience,0
687,pinch believe actually happening,0
688,stayed west mid september stayed,0
689,always like location impressed recent improvements,0
690,room great modern updated door,0
691,importantly staff helpful friendly,0
692,case folks seemed cold,0
693,let round applause please west grand taking discount booking new low,0
694,long suspected hotels reserve smallest room one worst view one elevator guests pay dismounted rate,0
695,never offered dirty smell room charged renovated clean room,0
696,come end regularlooking hotel corridor pass lounge narrow dark musty corridor doorways height barely wide enough fit carron luggage well,0
697,given discount special,0
698,turn around immediately return front desk charged extra europe per night renovated room upon inspection renovated daytime recent memory least cleaner smell,0
699,first room small upholstery lampshades stained furniture desperately needed finished,0
700,strong musty odour mould perhaps front desk told fully booked could offer another room grade renovated room extra europe per night,0
701,fully booked,0
702,could still find better room additional fee,0
703,sure follow logic whatever overseas flight really feel like arguing paid extra way say room grade would acceptable,0
704,second room pictured much better,0
705,larger cleaner updated though mushroom clearly renovated noted pictures,0
706,would perfectly happy offered begin would given hotel higher rating,0
707,consider treatment unacceptable,0
708,said still ranged hotel rather breakfast buffets fantastic location convenient sightseeing,0
709,room service also quite good staff friendly part helpful,0
710,stayed many nicer hotels,0
711,would generally spend europe hotel thankful mon paying stay,0
712,risk sounding like line cabinet everything hotel beautiful,0
713,lobby beautiful,0
714,restaurant beautiful,0
715,rooms beautiful,0
716,pool grm really beautiful,0
717,even breakfast feast eyes well stomach,0
718,ate restaurant,0
719,trader vice puts trader vice emeryville shame respect door food quality,0
720,german restaurant mark brandenburg simply best german food ever germany times,0
721,one needs wipe ones room cards order access floor rooms,0
722,poolgym area open thursday,0
723,gold honors member received upgrade room quiet comfortable large view windows open inner courtyard,0
724,complaints hotel charging eurosday louse off internet service bit outrageous given high room charges temperature difficult adjust room thermostat,0
725,could get quite cool enough comfort rather thin towels luxury hotel needless step beds great tripping especially older person mother,0
726,nice hotel albeit great value,0
727,would money object otherwise,0
728,stayed hilton berlin early june,0
729,diamond honor members,0
730,upgrade executive room executive floor,0
731,room average looking hotel style bedstead decorative pillows,0
732,underneath bedstead twin comforts wired queen room,0
733,bathroom average looking mold smell,0
734,converge helpful unfriendly,0
735,executive floor representatives cold,0
736,stayed many hilton worldwide,0
737,feel average hilton especially service,0
738,definitely try hotels return berlin next time,0
739,also nice pool sea,0
740,children hours pool drive jurist sea area pretty nice child free,0
741,several good restaurant near,0
742,loved eastern sector location delightful walking areas proximity museum island gorgeous neoclassical architecture,0
743,potsdammer plate times square glass steel highrises heavy traffic,0
744,rooms comfortable typical hilton door nice sheets good shower,0
745,converge helpful local restaurant,0
746,lounge great breakfast offered drinks day including wine etc evenings appetizers,0
747,room room,0
748,corner suite plenty room,0
749,bathroom typical smallish hotel fare,0
750,food breakfast breakfast last day good spread fresh presented well,0
751,dinner trader vice nothing write home,0
752,much better meals surrounding cafesrestaurants,0
753,staff reception desk staff fine,0
754,converge went see finding sundry mat bit pain rear,0
755,sent right suburb wrong street,0
756,around corner across road,0
757,overall typical businessman conference hotel,0
758,location main attraction,0
759,stayed star hilton berlin two nights experience christmas markets celebrate friends birthday,0
760,allocate room looked internal courtyard quiet view,0
761,importantly room appeared clean well maintained,0
762,size room adequate,0
763,luxurious touches would expected hotel standard opinion poor,0
764,robes large soft fluffy slippers small thin towels fact friends share towel,0
765,king size bed plus added squeaky springs two single duets,0
766,minimal tea coffee one cup per day mind bar,0
767,room also droning facilities,0
768,pool sea,0
769,experience,0
770,last minute room idea breakfast like,0
771,redeeming point hotels location superb,0
772,hotel wellsituated near main attractions restaurant shopping,0
773,room clean well furnished service promptly,0
774,room air conditioning hard time keeping warm temperatures berlin,0
775,restaurant mark brandenburg overpriced marginal food,0
776,hotel overrun meetings groups,0
777,unexplained,0
778,additional hotel charge europe appeared credit card statement,0
779,challenged charge email hotel followed email hotel twice hiltonhonors hilton corporate,0
780,none hilton entitles courtesy even responding less reverting charge week,0
781,stayed standard room cleanquiet comfortable,0
782,hotel amenities excellent,0
783,staff friendly,0
784,restaurant food great nice selection,0
785,good location tube stop right outside walking distance checkpoint charlie,0
786,great choice,0
787,stayed four nights,0
788,upgrade room view gendarmenmarkt europe night,0
789,room average size,0
790,double bed quite narrow comfortable expected,0
791,bathroom nice small size,0
792,breakfast included deal,0
793,yet morning asked signature records appeared breakfast exclusive,0
794,would assumed first mistake sort records never happened,0
795,unfortunately fell ill last day,0
796,sent husband get aspirin buy one pharmacy,0
797,could spare one said,0
798,turndown service well,0
799,apart location great central quite,0
800,last stop berlin,0
801,unfortunate park inn fully booked,0
802,tour agent booked hotel,0
803,cases shops within safe walking distance,0
804,hotel good location close train station city attractions,0
805,rooms great,0
806,would spent lot time make deficiencies place,0
807,swimming pool rather small enough refresh,0
808,hotel nice cosy,0